Fundamentals of Wavelets,"Goswami, Jaideva",signal processing,228,Dolorum amet iste laborum eius est dolor. Minus voluptatem quisquam quibusdam sed. A quo sed fugit facilis perferendis dolores molestias. Sit veniam sed fuga aspernatur natus. Quas dignissimos perferendis voluptatibus incidunt nostrum quia possimus rerum. Et necessitatibus architecto aut consequatur debitis et id.,Wiley,20,20
Data Smart,"Foreman, John",data science,235,Dolorum amet iste laborum eius est dolor. Minus voluptatem quisquam quibusdam sed. A quo sed fugit facilis perferendis dolores molestias. Sit veniam sed fuga aspernatur natus. Quas dignissimos perferendis voluptatibus incidunt nostrum quia possimus rerum. Et necessitatibus architecto aut consequatur debitis et id.,Wiley,12,40
God Created the Integers,"Hawking, Stephen",mathematics,197,Dolorum amet iste laborum eius est dolor. Minus voluptatem quisquam quibusdam sed. A quo sed fugit facilis perferendis dolores molestias. Sit veniam sed fuga aspernatur natus. Quas dignissimos perferendis voluptatibus incidunt nostrum quia possimus rerum. Et necessitatibus architecto aut consequatur debitis et id.,Penguin,16,20
Superfreakonomics,"Dubner, Stephen",economics,179,Dolorum amet iste laborum eius est dolor. Minus voluptatem quisquam quibusdam sed. A quo sed fugit facilis perferendis dolores molestias. Sit veniam sed fuga aspernatur natus. Quas dignissimos perferendis voluptatibus incidunt nostrum quia possimus rerum. Et necessitatibus architecto aut consequatur debitis et id.,HarperCollins,1,90
Orientalism,"Said, Edward",history,197,Dolorum amet iste laborum eius est dolor. Minus voluptatem quisquam quibusdam sed. A quo sed fugit facilis perferendis dolores molestias. Sit veniam sed fuga aspernatur natus. Quas dignissimos perferendis voluptatibus incidunt nostrum quia possimus rerum. Et necessitatibus architecto aut consequatur debitis et id.,Penguin,18,20
"Nature of Statistical Learning Theory, The","Vapnik, Vladimir",data science,230,Dolorum amet iste laborum eius est dolor. Minus voluptatem quisquam quibusdam sed. A quo sed fugit facilis perferendis dolores molestias. Sit veniam sed fuga aspernatur natus. Quas dignissimos perferendis voluptatibus incidunt nostrum quia possimus rerum. Et necessitatibus architecto aut consequatur debitis et id.,Springer,9,30
Integration of the Indian States,"Menon, V P",history,217,Dolorum amet iste laborum eius est dolor. Minus voluptatem quisquam quibusdam sed. A quo sed fugit facilis perferendis dolores molestias. Sit veniam sed fuga aspernatur natus. Quas dignissimos perferendis voluptatibus incidunt nostrum quia possimus rerum. Et necessitatibus architecto aut consequatur debitis et id.,Orient Blackswan,0,40
"Drunkard's Walk, The","Mlodinow, Leonard",science,197,Dolorum amet iste laborum eius est dolor. Minus voluptatem quisquam quibusdam sed. A quo sed fugit facilis perferendis dolores molestias. Sit veniam sed fuga aspernatur natus. Quas dignissimos perferendis voluptatibus incidunt nostrum quia possimus rerum. Et necessitatibus architecto aut consequatur debitis et id.,Penguin,15,90
Image Processing & Mathematical Morphology,"Shih, Frank",signal processing,241,Dolorum amet iste laborum eius est dolor. Minus voluptatem quisquam quibusdam sed. A quo sed fugit facilis perferendis dolores molestias. Sit veniam sed fuga aspernatur natus. Quas dignissimos perferendis voluptatibus incidunt nostrum quia possimus rerum. Et necessitatibus architecto aut consequatur debitis et id.,CRC,15,10
How to Think Like Sherlock Holmes,"Konnikova, Maria",psychology,240,Dolorum amet iste laborum eius est dolor. Minus voluptatem quisquam quibusdam sed. A quo sed fugit facilis perferendis dolores molestias. Sit veniam sed fuga aspernatur natus. Quas dignissimos perferendis voluptatibus incidunt nostrum quia possimus rerum. Et necessitatibus architecto aut consequatur debitis et id.,Penguin,9,60
Data Scientists at Work,Sebastian Gutierrez,data science,230,Dolorum amet iste laborum eius est dolor. Minus voluptatem quisquam quibusdam sed. A quo sed fugit facilis perferendis dolores molestias. Sit veniam sed fuga aspernatur natus. Quas dignissimos perferendis voluptatibus incidunt nostrum quia possimus rerum. Et necessitatibus architecto aut consequatur debitis et id.,Apress,3,20
Slaughterhouse Five,"Vonnegut, Kurt",fiction,198,Dolorum amet iste laborum eius est dolor. Minus voluptatem quisquam quibusdam sed. A quo sed fugit facilis perferendis dolores molestias. Sit veniam sed fuga aspernatur natus. Quas dignissimos perferendis voluptatibus incidunt nostrum quia possimus rerum. Et necessitatibus architecto aut consequatur debitis et id.,Random House,14,50
Birth of a Theorem,"Villani, Cedric",mathematics,234,Dolorum amet iste laborum eius est dolor. Minus voluptatem quisquam quibusdam sed. A quo sed fugit facilis perferendis dolores molestias. Sit veniam sed fuga aspernatur natus. Quas dignissimos perferendis voluptatibus incidunt nostrum quia possimus rerum. Et necessitatibus architecto aut consequatur debitis et id.,Bodley Head,15,80
Structure & Interpretation of Computer Programs,"Sussman, Gerald",computer science,240,Dolorum amet iste laborum eius est dolor. Minus voluptatem quisquam quibusdam sed. A quo sed fugit facilis perferendis dolores molestias. Sit veniam sed fuga aspernatur natus. Quas dignissimos perferendis voluptatibus incidunt nostrum quia possimus rerum. Et necessitatibus architecto aut consequatur debitis et id.,MIT Press,16,60
"Age of Wrath, The","Eraly, Abraham",history,238,Dolorum amet iste laborum eius est dolor. Minus voluptatem quisquam quibusdam sed. A quo sed fugit facilis perferendis dolores molestias. Sit veniam sed fuga aspernatur natus. Quas dignissimos perferendis voluptatibus incidunt nostrum quia possimus rerum. Et necessitatibus architecto aut consequatur debitis et id.,Penguin,18,90
"Trial, The","Kafka, Frank",fiction,198,Dolorum amet iste laborum eius est dolor. Minus voluptatem quisquam quibusdam sed. A quo sed fugit facilis perferendis dolores molestias. Sit veniam sed fuga aspernatur natus. Quas dignissimos perferendis voluptatibus incidunt nostrum quia possimus rerum. Et necessitatibus architecto aut consequatur debitis et id.,Random House,13,20
Statistical Decision Theory',"Pratt, John",data science,236,Dolorum amet iste laborum eius est dolor. Minus voluptatem quisquam quibusdam sed. A quo sed fugit facilis perferendis dolores molestias. Sit veniam sed fuga aspernatur natus. Quas dignissimos perferendis voluptatibus incidunt nostrum quia possimus rerum. Et necessitatibus architecto aut consequatur debitis et id.,MIT Press,4,30
Data Mining Handbook,"Nisbet, Robert",data science,242,Dolorum amet iste laborum eius est dolor. Minus voluptatem quisquam quibusdam sed. A quo sed fugit facilis perferendis dolores molestias. Sit veniam sed fuga aspernatur natus. Quas dignissimos perferendis voluptatibus incidunt nostrum quia possimus rerum. Et necessitatibus architecto aut consequatur debitis et id.,Apress,16,60
"New Machiavelli, The","Wells, H. G.",fiction,180,Dolorum amet iste laborum eius est dolor. Minus voluptatem quisquam quibusdam sed. A quo sed fugit facilis perferendis dolores molestias. Sit veniam sed fuga aspernatur natus. Quas dignissimos perferendis voluptatibus incidunt nostrum quia possimus rerum. Et necessitatibus architecto aut consequatur debitis et id.,Penguin,13,70
Physics & Philosophy,"Heisenberg, Werner",science,197,Dolorum amet iste laborum eius est dolor. Minus voluptatem quisquam quibusdam sed. A quo sed fugit facilis perferendis dolores molestias. Sit veniam sed fuga aspernatur natus. Quas dignissimos perferendis voluptatibus incidunt nostrum quia possimus rerum. Et necessitatibus architecto aut consequatur debitis et id.,Penguin,12,80
Making Software,"Oram, Andy",computer science,232,Dolorum amet iste laborum eius est dolor. Minus voluptatem quisquam quibusdam sed. A quo sed fugit facilis perferendis dolores molestias. Sit veniam sed fuga aspernatur natus. Quas dignissimos perferendis voluptatibus incidunt nostrum quia possimus rerum. Et necessitatibus architecto aut consequatur debitis et id.,O'Reilly,13,10
"Analysis, Vol I","Tao, Terence",mathematics,248,Dolorum amet iste laborum eius est dolor. Minus voluptatem quisquam quibusdam sed. A quo sed fugit facilis perferendis dolores molestias. Sit veniam sed fuga aspernatur natus. Quas dignissimos perferendis voluptatibus incidunt nostrum quia possimus rerum. Et necessitatibus architecto aut consequatur debitis et id.,HBA,20,50
Machine Learning for Hackers,"Conway, Drew",data science,233,Dolorum amet iste laborum eius est dolor. Minus voluptatem quisquam quibusdam sed. A quo sed fugit facilis perferendis dolores molestias. Sit veniam sed fuga aspernatur natus. Quas dignissimos perferendis voluptatibus incidunt nostrum quia possimus rerum. Et necessitatibus architecto aut consequatur debitis et id.,O'Reilly,14,100
"Signal and the Noise, The","Silver, Nate",data science,233,Dolorum amet iste laborum eius est dolor. Minus voluptatem quisquam quibusdam sed. A quo sed fugit facilis perferendis dolores molestias. Sit veniam sed fuga aspernatur natus. Quas dignissimos perferendis voluptatibus incidunt nostrum quia possimus rerum. Et necessitatibus architecto aut consequatur debitis et id.,Penguin,14,90
Python for Data Analysis,"McKinney, Wes",data science,233,Dolorum amet iste laborum eius est dolor. Minus voluptatem quisquam quibusdam sed. A quo sed fugit facilis perferendis dolores molestias. Sit veniam sed fuga aspernatur natus. Quas dignissimos perferendis voluptatibus incidunt nostrum quia possimus rerum. Et necessitatibus architecto aut consequatur debitis et id.,O'Reilly,1,10
Introduction to Algorithms,"Cormen, Thomas",computer science,234,Dolorum amet iste laborum eius est dolor. Minus voluptatem quisquam quibusdam sed. A quo sed fugit facilis perferendis dolores molestias. Sit veniam sed fuga aspernatur natus. Quas dignissimos perferendis voluptatibus incidunt nostrum quia possimus rerum. Et necessitatibus architecto aut consequatur debitis et id.,MIT Press,15,100
"Beautiful and the Damned, The","Deb, Siddhartha",nonfiction,198,Dolorum amet iste laborum eius est dolor. Minus voluptatem quisquam quibusdam sed. A quo sed fugit facilis perferendis dolores molestias. Sit veniam sed fuga aspernatur natus. Quas dignissimos perferendis voluptatibus incidunt nostrum quia possimus rerum. Et necessitatibus architecto aut consequatur debitis et id.,Penguin,7,90
"Outsider, The","Camus, Albert",fiction,198,Dolorum amet iste laborum eius est dolor. Minus voluptatem quisquam quibusdam sed. A quo sed fugit facilis perferendis dolores molestias. Sit veniam sed fuga aspernatur natus. Quas dignissimos perferendis voluptatibus incidunt nostrum quia possimus rerum. Et necessitatibus architecto aut consequatur debitis et id.,Penguin,15,40
"Complete Sherlock Holmes, The - Vol I","Doyle, Arthur Conan",fiction,176,Dolorum amet iste laborum eius est dolor. Minus voluptatem quisquam quibusdam sed. A quo sed fugit facilis perferendis dolores molestias. Sit veniam sed fuga aspernatur natus. Quas dignissimos perferendis voluptatibus incidunt nostrum quia possimus rerum. Et necessitatibus architecto aut consequatur debitis et id.,Random House,14,40
"Complete Sherlock Holmes, The - Vol II","Doyle, Arthur Conan",fiction,176,Dolorum amet iste laborum eius est dolor. Minus voluptatem quisquam quibusdam sed. A quo sed fugit facilis perferendis dolores molestias. Sit veniam sed fuga aspernatur natus. Quas dignissimos perferendis voluptatibus incidunt nostrum quia possimus rerum. Et necessitatibus architecto aut consequatur debitis et id.,Random House,20,20
"Wealth of Nations, The","Smith, Adam",economics,175,Dolorum amet iste laborum eius est dolor. Minus voluptatem quisquam quibusdam sed. A quo sed fugit facilis perferendis dolores molestias. Sit veniam sed fuga aspernatur natus. Quas dignissimos perferendis voluptatibus incidunt nostrum quia possimus rerum. Et necessitatibus architecto aut consequatur debitis et id.,Random House,7,90
"Pillars of the Earth, The","Follett, Ken",fiction,176,Dolorum amet iste laborum eius est dolor. Minus voluptatem quisquam quibusdam sed. A quo sed fugit facilis perferendis dolores molestias. Sit veniam sed fuga aspernatur natus. Quas dignissimos perferendis voluptatibus incidunt nostrum quia possimus rerum. Et necessitatibus architecto aut consequatur debitis et id.,Random House,16,30
Mein Kampf,"Hitler, Adolf",nonfiction,212,Dolorum amet iste laborum eius est dolor. Minus voluptatem quisquam quibusdam sed. A quo sed fugit facilis perferendis dolores molestias. Sit veniam sed fuga aspernatur natus. Quas dignissimos perferendis voluptatibus incidunt nostrum quia possimus rerum. Et necessitatibus architecto aut consequatur debitis et id.,Rupa,10,10
"Tao of Physics, The","Capra, Fritjof",science,179,Dolorum amet iste laborum eius est dolor. Minus voluptatem quisquam quibusdam sed. A quo sed fugit facilis perferendis dolores molestias. Sit veniam sed fuga aspernatur natus. Quas dignissimos perferendis voluptatibus incidunt nostrum quia possimus rerum. Et necessitatibus architecto aut consequatur debitis et id.,Penguin,5,80
Surely You're Joking Mr Feynman,"Feynman, Richard",science,198,Dolorum amet iste laborum eius est dolor. Minus voluptatem quisquam quibusdam sed. A quo sed fugit facilis perferendis dolores molestias. Sit veniam sed fuga aspernatur natus. Quas dignissimos perferendis voluptatibus incidunt nostrum quia possimus rerum. Et necessitatibus architecto aut consequatur debitis et id.,Random House,0,20
"Farewell to Arms, A","Hemingway, Ernest",fiction,179,Dolorum amet iste laborum eius est dolor. Minus voluptatem quisquam quibusdam sed. A quo sed fugit facilis perferendis dolores molestias. Sit veniam sed fuga aspernatur natus. Quas dignissimos perferendis voluptatibus incidunt nostrum quia possimus rerum. Et necessitatibus architecto aut consequatur debitis et id.,Rupa,7,60
"Veteran, The","Forsyth, Frederick",fiction,177,Dolorum amet iste laborum eius est dolor. Minus voluptatem quisquam quibusdam sed. A quo sed fugit facilis perferendis dolores molestias. Sit veniam sed fuga aspernatur natus. Quas dignissimos perferendis voluptatibus incidunt nostrum quia possimus rerum. Et necessitatibus architecto aut consequatur debitis et id.,Transworld,3,90
False Impressions,"Archer, Jeffery",fiction,177,Dolorum amet iste laborum eius est dolor. Minus voluptatem quisquam quibusdam sed. A quo sed fugit facilis perferendis dolores molestias. Sit veniam sed fuga aspernatur natus. Quas dignissimos perferendis voluptatibus incidunt nostrum quia possimus rerum. Et necessitatibus architecto aut consequatur debitis et id.,Pan,6,80
"Last Lecture, The","Pausch, Randy",nonfiction,197,Dolorum amet iste laborum eius est dolor. Minus voluptatem quisquam quibusdam sed. A quo sed fugit facilis perferendis dolores molestias. Sit veniam sed fuga aspernatur natus. Quas dignissimos perferendis voluptatibus incidunt nostrum quia possimus rerum. Et necessitatibus architecto aut consequatur debitis et id.,Hyperion,11,100
Return of the Primitive,"Rand, Ayn",philosophy,202,Dolorum amet iste laborum eius est dolor. Minus voluptatem quisquam quibusdam sed. A quo sed fugit facilis perferendis dolores molestias. Sit veniam sed fuga aspernatur natus. Quas dignissimos perferendis voluptatibus incidunt nostrum quia possimus rerum. Et necessitatibus architecto aut consequatur debitis et id.,Penguin,6,100
Jurassic Park,"Crichton, Michael",fiction,174,Dolorum amet iste laborum eius est dolor. Minus voluptatem quisquam quibusdam sed. A quo sed fugit facilis perferendis dolores molestias. Sit veniam sed fuga aspernatur natus. Quas dignissimos perferendis voluptatibus incidunt nostrum quia possimus rerum. Et necessitatibus architecto aut consequatur debitis et id.,Random House,8,90
"Russian Journal, A","Steinbeck, John",nonfiction,196,Dolorum amet iste laborum eius est dolor. Minus voluptatem quisquam quibusdam sed. A quo sed fugit facilis perferendis dolores molestias. Sit veniam sed fuga aspernatur natus. Quas dignissimos perferendis voluptatibus incidunt nostrum quia possimus rerum. Et necessitatibus architecto aut consequatur debitis et id.,Penguin,19,60
Tales of Mystery and Imagination,"Poe, Edgar Allen",fiction,172,Dolorum amet iste laborum eius est dolor. Minus voluptatem quisquam quibusdam sed. A quo sed fugit facilis perferendis dolores molestias. Sit veniam sed fuga aspernatur natus. Quas dignissimos perferendis voluptatibus incidunt nostrum quia possimus rerum. Et necessitatibus architecto aut consequatur debitis et id.,HarperCollins,10,20
Freakonomics,"Dubner, Stephen",economics,197,Dolorum amet iste laborum eius est dolor. Minus voluptatem quisquam quibusdam sed. A quo sed fugit facilis perferendis dolores molestias. Sit veniam sed fuga aspernatur natus. Quas dignissimos perferendis voluptatibus incidunt nostrum quia possimus rerum. Et necessitatibus architecto aut consequatur debitis et id.,Penguin,18,90
"Hidden Connections, The","Capra, Fritjof",science,197,Dolorum amet iste laborum eius est dolor. Minus voluptatem quisquam quibusdam sed. A quo sed fugit facilis perferendis dolores molestias. Sit veniam sed fuga aspernatur natus. Quas dignissimos perferendis voluptatibus incidunt nostrum quia possimus rerum. Et necessitatibus architecto aut consequatur debitis et id.,HarperCollins,3,10
"Story of Philosophy, The","Durant, Will",philosophy,170,Dolorum amet iste laborum eius est dolor. Minus voluptatem quisquam quibusdam sed. A quo sed fugit facilis perferendis dolores molestias. Sit veniam sed fuga aspernatur natus. Quas dignissimos perferendis voluptatibus incidunt nostrum quia possimus rerum. Et necessitatibus architecto aut consequatur debitis et id.,Pocket,8,90
Asami Asami,"Deshpande, P L",fiction,205,Dolorum amet iste laborum eius est dolor. Minus voluptatem quisquam quibusdam sed. A quo sed fugit facilis perferendis dolores molestias. Sit veniam sed fuga aspernatur natus. Quas dignissimos perferendis voluptatibus incidunt nostrum quia possimus rerum. Et necessitatibus architecto aut consequatur debitis et id.,Mauj,8,30
Journal of a Novel,"Steinbeck, John",fiction,196,Dolorum amet iste laborum eius est dolor. Minus voluptatem quisquam quibusdam sed. A quo sed fugit facilis perferendis dolores molestias. Sit veniam sed fuga aspernatur natus. Quas dignissimos perferendis voluptatibus incidunt nostrum quia possimus rerum. Et necessitatibus architecto aut consequatur debitis et id.,Penguin,6,90
Once There Was a War,"Steinbeck, John",nonfiction,196,Dolorum amet iste laborum eius est dolor. Minus voluptatem quisquam quibusdam sed. A quo sed fugit facilis perferendis dolores molestias. Sit veniam sed fuga aspernatur natus. Quas dignissimos perferendis voluptatibus incidunt nostrum quia possimus rerum. Et necessitatibus architecto aut consequatur debitis et id.,Penguin,13,90
"Moon is Down, The","Steinbeck, John",fiction,196,Dolorum amet iste laborum eius est dolor. Minus voluptatem quisquam quibusdam sed. A quo sed fugit facilis perferendis dolores molestias. Sit veniam sed fuga aspernatur natus. Quas dignissimos perferendis voluptatibus incidunt nostrum quia possimus rerum. Et necessitatibus architecto aut consequatur debitis et id.,Penguin,13,40
"Brethren, The","Grisham, John",fiction,174,Dolorum amet iste laborum eius est dolor. Minus voluptatem quisquam quibusdam sed. A quo sed fugit facilis perferendis dolores molestias. Sit veniam sed fuga aspernatur natus. Quas dignissimos perferendis voluptatibus incidunt nostrum quia possimus rerum. Et necessitatibus architecto aut consequatur debitis et id.,Random House,8,80
In a Free State,"Naipaul, V. S.",fiction,196,Dolorum amet iste laborum eius est dolor. Minus voluptatem quisquam quibusdam sed. A quo sed fugit facilis perferendis dolores molestias. Sit veniam sed fuga aspernatur natus. Quas dignissimos perferendis voluptatibus incidunt nostrum quia possimus rerum. Et necessitatibus architecto aut consequatur debitis et id.,Rupa,14,100
Catch 22,"Heller, Joseph",fiction,178,Dolorum amet iste laborum eius est dolor. Minus voluptatem quisquam quibusdam sed. A quo sed fugit facilis perferendis dolores molestias. Sit veniam sed fuga aspernatur natus. Quas dignissimos perferendis voluptatibus incidunt nostrum quia possimus rerum. Et necessitatibus architecto aut consequatur debitis et id.,Random House,5,30
"Complete Mastermind, The",BBC,nonfiction,178,Dolorum amet iste laborum eius est dolor. Minus voluptatem quisquam quibusdam sed. A quo sed fugit facilis perferendis dolores molestias. Sit veniam sed fuga aspernatur natus. Quas dignissimos perferendis voluptatibus incidunt nostrum quia possimus rerum. Et necessitatibus architecto aut consequatur debitis et id.,BBC,20,30
Dylan on Dylan,"Dylan, Bob",nonfiction,197,Dolorum amet iste laborum eius est dolor. Minus voluptatem quisquam quibusdam sed. A quo sed fugit facilis perferendis dolores molestias. Sit veniam sed fuga aspernatur natus. Quas dignissimos perferendis voluptatibus incidunt nostrum quia possimus rerum. Et necessitatibus architecto aut consequatur debitis et id.,Random House,2,40
Soft Computing & Intelligent Systems,"Gupta, Madan",data science,242,Dolorum amet iste laborum eius est dolor. Minus voluptatem quisquam quibusdam sed. A quo sed fugit facilis perferendis dolores molestias. Sit veniam sed fuga aspernatur natus. Quas dignissimos perferendis voluptatibus incidunt nostrum quia possimus rerum. Et necessitatibus architecto aut consequatur debitis et id.,Elsevier,3,30
Textbook of Economic Theory,"Stonier, Alfred",economics,242,Dolorum amet iste laborum eius est dolor. Minus voluptatem quisquam quibusdam sed. A quo sed fugit facilis perferendis dolores molestias. Sit veniam sed fuga aspernatur natus. Quas dignissimos perferendis voluptatibus incidunt nostrum quia possimus rerum. Et necessitatibus architecto aut consequatur debitis et id.,Pearson,18,70
Econometric Analysis,"Greene, W. H.",economics,242,Dolorum amet iste laborum eius est dolor. Minus voluptatem quisquam quibusdam sed. A quo sed fugit facilis perferendis dolores molestias. Sit veniam sed fuga aspernatur natus. Quas dignissimos perferendis voluptatibus incidunt nostrum quia possimus rerum. Et necessitatibus architecto aut consequatur debitis et id.,Pearson,6,80
Learning OpenCV,"Bradsky, Gary",data science,232,Dolorum amet iste laborum eius est dolor. Minus voluptatem quisquam quibusdam sed. A quo sed fugit facilis perferendis dolores molestias. Sit veniam sed fuga aspernatur natus. Quas dignissimos perferendis voluptatibus incidunt nostrum quia possimus rerum. Et necessitatibus architecto aut consequatur debitis et id.,O'Reilly,9,60
Data Structures Using C & C++,"Tanenbaum, Andrew",computer science,235,Dolorum amet iste laborum eius est dolor. Minus voluptatem quisquam quibusdam sed. A quo sed fugit facilis perferendis dolores molestias. Sit veniam sed fuga aspernatur natus. Quas dignissimos perferendis voluptatibus incidunt nostrum quia possimus rerum. Et necessitatibus architecto aut consequatur debitis et id.,Prentice Hall,14,90
"Computer Vision, A Modern Approach","Forsyth, David",data science,255,Dolorum amet iste laborum eius est dolor. Minus voluptatem quisquam quibusdam sed. A quo sed fugit facilis perferendis dolores molestias. Sit veniam sed fuga aspernatur natus. Quas dignissimos perferendis voluptatibus incidunt nostrum quia possimus rerum. Et necessitatibus architecto aut consequatur debitis et id.,Pearson,10,30
Principles of Communication Systems,"Taub, Schilling",computer science,240,Dolorum amet iste laborum eius est dolor. Minus voluptatem quisquam quibusdam sed. A quo sed fugit facilis perferendis dolores molestias. Sit veniam sed fuga aspernatur natus. Quas dignissimos perferendis voluptatibus incidunt nostrum quia possimus rerum. Et necessitatibus architecto aut consequatur debitis et id.,TMH,10,80
Let Us C,"Kanetkar, Yashwant",computer science,213,Dolorum amet iste laborum eius est dolor. Minus voluptatem quisquam quibusdam sed. A quo sed fugit facilis perferendis dolores molestias. Sit veniam sed fuga aspernatur natus. Quas dignissimos perferendis voluptatibus incidunt nostrum quia possimus rerum. Et necessitatibus architecto aut consequatur debitis et id.,Prentice Hall,9,100
"Amulet of Samarkand, The","Stroud, Jonathan",fiction,179,Dolorum amet iste laborum eius est dolor. Minus voluptatem quisquam quibusdam sed. A quo sed fugit facilis perferendis dolores molestias. Sit veniam sed fuga aspernatur natus. Quas dignissimos perferendis voluptatibus incidunt nostrum quia possimus rerum. Et necessitatibus architecto aut consequatur debitis et id.,Random House,18,60
Crime and Punishment,"Dostoevsky, Fyodor",fiction,180,Dolorum amet iste laborum eius est dolor. Minus voluptatem quisquam quibusdam sed. A quo sed fugit facilis perferendis dolores molestias. Sit veniam sed fuga aspernatur natus. Quas dignissimos perferendis voluptatibus incidunt nostrum quia possimus rerum. Et necessitatibus architecto aut consequatur debitis et id.,Penguin,15,20
Angels & Demons,"Brown, Dan",fiction,178,Dolorum amet iste laborum eius est dolor. Minus voluptatem quisquam quibusdam sed. A quo sed fugit facilis perferendis dolores molestias. Sit veniam sed fuga aspernatur natus. Quas dignissimos perferendis voluptatibus incidunt nostrum quia possimus rerum. Et necessitatibus architecto aut consequatur debitis et id.,Random House,19,40
"Argumentative Indian, The","Sen, Amartya",nonfiction,209,Dolorum amet iste laborum eius est dolor. Minus voluptatem quisquam quibusdam sed. A quo sed fugit facilis perferendis dolores molestias. Sit veniam sed fuga aspernatur natus. Quas dignissimos perferendis voluptatibus incidunt nostrum quia possimus rerum. Et necessitatibus architecto aut consequatur debitis et id.,Picador,14,30
Sea of Poppies,"Ghosh, Amitav",fiction,197,Dolorum amet iste laborum eius est dolor. Minus voluptatem quisquam quibusdam sed. A quo sed fugit facilis perferendis dolores molestias. Sit veniam sed fuga aspernatur natus. Quas dignissimos perferendis voluptatibus incidunt nostrum quia possimus rerum. Et necessitatibus architecto aut consequatur debitis et id.,Penguin,11,40
"Idea of Justice, The","Sen, Amartya",nonfiction,212,Dolorum amet iste laborum eius est dolor. Minus voluptatem quisquam quibusdam sed. A quo sed fugit facilis perferendis dolores molestias. Sit veniam sed fuga aspernatur natus. Quas dignissimos perferendis voluptatibus incidunt nostrum quia possimus rerum. Et necessitatibus architecto aut consequatur debitis et id.,Penguin,2,30
"Raisin in the Sun, A","Hansberry, Lorraine",fiction,175,Dolorum amet iste laborum eius est dolor. Minus voluptatem quisquam quibusdam sed. A quo sed fugit facilis perferendis dolores molestias. Sit veniam sed fuga aspernatur natus. Quas dignissimos perferendis voluptatibus incidunt nostrum quia possimus rerum. Et necessitatibus architecto aut consequatur debitis et id.,Penguin,11,40
All the President's Men,"Woodward, Bob",history,177,Dolorum amet iste laborum eius est dolor. Minus voluptatem quisquam quibusdam sed. A quo sed fugit facilis perferendis dolores molestias. Sit veniam sed fuga aspernatur natus. Quas dignissimos perferendis voluptatibus incidunt nostrum quia possimus rerum. Et necessitatibus architecto aut consequatur debitis et id.,Random House,1,60
"Prisoner of Birth, A","Archer, Jeffery",fiction,176,Dolorum amet iste laborum eius est dolor. Minus voluptatem quisquam quibusdam sed. A quo sed fugit facilis perferendis dolores molestias. Sit veniam sed fuga aspernatur natus. Quas dignissimos perferendis voluptatibus incidunt nostrum quia possimus rerum. Et necessitatibus architecto aut consequatur debitis et id.,Pan,5,80
Scoop!,"Nayar, Kuldip",history,216,Dolorum amet iste laborum eius est dolor. Minus voluptatem quisquam quibusdam sed. A quo sed fugit facilis perferendis dolores molestias. Sit veniam sed fuga aspernatur natus. Quas dignissimos perferendis voluptatibus incidunt nostrum quia possimus rerum. Et necessitatibus architecto aut consequatur debitis et id.,HarperCollins,17,90
Ahe Manohar Tari,"Deshpande, Sunita",nonfiction,213,Dolorum amet iste laborum eius est dolor. Minus voluptatem quisquam quibusdam sed. A quo sed fugit facilis perferendis dolores molestias. Sit veniam sed fuga aspernatur natus. Quas dignissimos perferendis voluptatibus incidunt nostrum quia possimus rerum. Et necessitatibus architecto aut consequatur debitis et id.,Mauj,10,20
"Last Mughal, The","Dalrymple, William",history,199,Dolorum amet iste laborum eius est dolor. Minus voluptatem quisquam quibusdam sed. A quo sed fugit facilis perferendis dolores molestias. Sit veniam sed fuga aspernatur natus. Quas dignissimos perferendis voluptatibus incidunt nostrum quia possimus rerum. Et necessitatibus architecto aut consequatur debitis et id.,Penguin,4,50
"Social Choice & Welfare, Vol 39 No. 1",Various,economics,235,Dolorum amet iste laborum eius est dolor. Minus voluptatem quisquam quibusdam sed. A quo sed fugit facilis perferendis dolores molestias. Sit veniam sed fuga aspernatur natus. Quas dignissimos perferendis voluptatibus incidunt nostrum quia possimus rerum. Et necessitatibus architecto aut consequatur debitis et id.,Springer,11,20
Radiowaril Bhashane & Shrutika,"Deshpande, P L",nonfiction,213,Dolorum amet iste laborum eius est dolor. Minus voluptatem quisquam quibusdam sed. A quo sed fugit facilis perferendis dolores molestias. Sit veniam sed fuga aspernatur natus. Quas dignissimos perferendis voluptatibus incidunt nostrum quia possimus rerum. Et necessitatibus architecto aut consequatur debitis et id.,Mauj,19,70
Gun Gayin Awadi,"Deshpande, P L",nonfiction,212,Dolorum amet iste laborum eius est dolor. Minus voluptatem quisquam quibusdam sed. A quo sed fugit facilis perferendis dolores molestias. Sit veniam sed fuga aspernatur natus. Quas dignissimos perferendis voluptatibus incidunt nostrum quia possimus rerum. Et necessitatibus architecto aut consequatur debitis et id.,Mauj,13,80
Aghal Paghal,"Deshpande, P L",nonfiction,212,Dolorum amet iste laborum eius est dolor. Minus voluptatem quisquam quibusdam sed. A quo sed fugit facilis perferendis dolores molestias. Sit veniam sed fuga aspernatur natus. Quas dignissimos perferendis voluptatibus incidunt nostrum quia possimus rerum. Et necessitatibus architecto aut consequatur debitis et id.,Mauj,14,10
Maqta-e-Ghalib,"Garg, Sanjay",fiction,221,Dolorum amet iste laborum eius est dolor. Minus voluptatem quisquam quibusdam sed. A quo sed fugit facilis perferendis dolores molestias. Sit veniam sed fuga aspernatur natus. Quas dignissimos perferendis voluptatibus incidunt nostrum quia possimus rerum. Et necessitatibus architecto aut consequatur debitis et id.,Mauj,14,10
Beyond Degrees,,nonfiction,222,Dolorum amet iste laborum eius est dolor. Minus voluptatem quisquam quibusdam sed. A quo sed fugit facilis perferendis dolores molestias. Sit veniam sed fuga aspernatur natus. Quas dignissimos perferendis voluptatibus incidunt nostrum quia possimus rerum. Et necessitatibus architecto aut consequatur debitis et id.,HarperCollins,5,100
Manasa,"Kale, V P",nonfiction,213,Dolorum amet iste laborum eius est dolor. Minus voluptatem quisquam quibusdam sed. A quo sed fugit facilis perferendis dolores molestias. Sit veniam sed fuga aspernatur natus. Quas dignissimos perferendis voluptatibus incidunt nostrum quia possimus rerum. Et necessitatibus architecto aut consequatur debitis et id.,Mauj,14,70
India from Midnight to Milennium,"Tharoor, Shashi",history,198,Dolorum amet iste laborum eius est dolor. Minus voluptatem quisquam quibusdam sed. A quo sed fugit facilis perferendis dolores molestias. Sit veniam sed fuga aspernatur natus. Quas dignissimos perferendis voluptatibus incidunt nostrum quia possimus rerum. Et necessitatibus architecto aut consequatur debitis et id.,Penguin,4,60
"World's Greatest Trials, The",,history,210,Dolorum amet iste laborum eius est dolor. Minus voluptatem quisquam quibusdam sed. A quo sed fugit facilis perferendis dolores molestias. Sit veniam sed fuga aspernatur natus. Quas dignissimos perferendis voluptatibus incidunt nostrum quia possimus rerum. Et necessitatibus architecto aut consequatur debitis et id.,,19,80
"Great Indian Novel, The","Tharoor, Shashi",fiction,198,Dolorum amet iste laborum eius est dolor. Minus voluptatem quisquam quibusdam sed. A quo sed fugit facilis perferendis dolores molestias. Sit veniam sed fuga aspernatur natus. Quas dignissimos perferendis voluptatibus incidunt nostrum quia possimus rerum. Et necessitatibus architecto aut consequatur debitis et id.,Penguin,11,80
O Jerusalem!,"Lapierre, Dominique",history,217,Dolorum amet iste laborum eius est dolor. Minus voluptatem quisquam quibusdam sed. A quo sed fugit facilis perferendis dolores molestias. Sit veniam sed fuga aspernatur natus. Quas dignissimos perferendis voluptatibus incidunt nostrum quia possimus rerum. Et necessitatibus architecto aut consequatur debitis et id.,vikas,10,70
"City of Joy, The","Lapierre, Dominique",fiction,177,Dolorum amet iste laborum eius est dolor. Minus voluptatem quisquam quibusdam sed. A quo sed fugit facilis perferendis dolores molestias. Sit veniam sed fuga aspernatur natus. Quas dignissimos perferendis voluptatibus incidunt nostrum quia possimus rerum. Et necessitatibus architecto aut consequatur debitis et id.,vikas,3,100
Freedom at Midnight,"Lapierre, Dominique",history,167,Dolorum amet iste laborum eius est dolor. Minus voluptatem quisquam quibusdam sed. A quo sed fugit facilis perferendis dolores molestias. Sit veniam sed fuga aspernatur natus. Quas dignissimos perferendis voluptatibus incidunt nostrum quia possimus rerum. Et necessitatibus architecto aut consequatur debitis et id.,vikas,19,80
"Winter of Our Discontent, The","Steinbeck, John",fiction,196,Dolorum amet iste laborum eius est dolor. Minus voluptatem quisquam quibusdam sed. A quo sed fugit facilis perferendis dolores molestias. Sit veniam sed fuga aspernatur natus. Quas dignissimos perferendis voluptatibus incidunt nostrum quia possimus rerum. Et necessitatibus architecto aut consequatur debitis et id.,Penguin,19,60
On Education,"Russell, Bertrand",philosophy,203,Dolorum amet iste laborum eius est dolor. Minus voluptatem quisquam quibusdam sed. A quo sed fugit facilis perferendis dolores molestias. Sit veniam sed fuga aspernatur natus. Quas dignissimos perferendis voluptatibus incidunt nostrum quia possimus rerum. Et necessitatibus architecto aut consequatur debitis et id.,Routledge,6,40
Free Will,"Harris, Sam",philosophy,203,Dolorum amet iste laborum eius est dolor. Minus voluptatem quisquam quibusdam sed. A quo sed fugit facilis perferendis dolores molestias. Sit veniam sed fuga aspernatur natus. Quas dignissimos perferendis voluptatibus incidunt nostrum quia possimus rerum. Et necessitatibus architecto aut consequatur debitis et id.,FreePress,15,40
Bookless in Baghdad,"Tharoor, Shashi",nonfiction,206,Dolorum amet iste laborum eius est dolor. Minus voluptatem quisquam quibusdam sed. A quo sed fugit facilis perferendis dolores molestias. Sit veniam sed fuga aspernatur natus. Quas dignissimos perferendis voluptatibus incidunt nostrum quia possimus rerum. Et necessitatibus architecto aut consequatur debitis et id.,Penguin,12,40
"Case of the Lame Canary, The","Gardner, Earle Stanley",fiction,179,Dolorum amet iste laborum eius est dolor. Minus voluptatem quisquam quibusdam sed. A quo sed fugit facilis perferendis dolores molestias. Sit veniam sed fuga aspernatur natus. Quas dignissimos perferendis voluptatibus incidunt nostrum quia possimus rerum. Et necessitatibus architecto aut consequatur debitis et id.,,1,80
"Theory of Everything, The","Hawking, Stephen",science,217,Dolorum amet iste laborum eius est dolor. Minus voluptatem quisquam quibusdam sed. A quo sed fugit facilis perferendis dolores molestias. Sit veniam sed fuga aspernatur natus. Quas dignissimos perferendis voluptatibus incidunt nostrum quia possimus rerum. Et necessitatibus architecto aut consequatur debitis et id.,Jaico,20,80
New Markets & Other Essays,"Drucker, Peter",economics,176,Dolorum amet iste laborum eius est dolor. Minus voluptatem quisquam quibusdam sed. A quo sed fugit facilis perferendis dolores molestias. Sit veniam sed fuga aspernatur natus. Quas dignissimos perferendis voluptatibus incidunt nostrum quia possimus rerum. Et necessitatibus architecto aut consequatur debitis et id.,Penguin,11,30
Electric Universe,"Bodanis, David",science,201,Dolorum amet iste laborum eius est dolor. Minus voluptatem quisquam quibusdam sed. A quo sed fugit facilis perferendis dolores molestias. Sit veniam sed fuga aspernatur natus. Quas dignissimos perferendis voluptatibus incidunt nostrum quia possimus rerum. Et necessitatibus architecto aut consequatur debitis et id.,Penguin,1,10
"Hunchback of Notre Dame, The","Hugo, Victor",fiction,175,Dolorum amet iste laborum eius est dolor. Minus voluptatem quisquam quibusdam sed. A quo sed fugit facilis perferendis dolores molestias. Sit veniam sed fuga aspernatur natus. Quas dignissimos perferendis voluptatibus incidunt nostrum quia possimus rerum. Et necessitatibus architecto aut consequatur debitis et id.,Random House,9,30
Burning Bright,"Steinbeck, John",fiction,175,Dolorum amet iste laborum eius est dolor. Minus voluptatem quisquam quibusdam sed. A quo sed fugit facilis perferendis dolores molestias. Sit veniam sed fuga aspernatur natus. Quas dignissimos perferendis voluptatibus incidunt nostrum quia possimus rerum. Et necessitatibus architecto aut consequatur debitis et id.,Penguin,0,90
"Age of Discontuinity, The","Drucker, Peter",economics,178,Dolorum amet iste laborum eius est dolor. Minus voluptatem quisquam quibusdam sed. A quo sed fugit facilis perferendis dolores molestias. Sit veniam sed fuga aspernatur natus. Quas dignissimos perferendis voluptatibus incidunt nostrum quia possimus rerum. Et necessitatibus architecto aut consequatur debitis et id.,Random House,9,100
Doctor in the Nude,"Gordon, Richard",fiction,179,Dolorum amet iste laborum eius est dolor. Minus voluptatem quisquam quibusdam sed. A quo sed fugit facilis perferendis dolores molestias. Sit veniam sed fuga aspernatur natus. Quas dignissimos perferendis voluptatibus incidunt nostrum quia possimus rerum. Et necessitatibus architecto aut consequatur debitis et id.,Penguin,18,70
Down and Out in Paris & London,"Orwell, George",nonfiction,179,Dolorum amet iste laborum eius est dolor. Minus voluptatem quisquam quibusdam sed. A quo sed fugit facilis perferendis dolores molestias. Sit veniam sed fuga aspernatur natus. Quas dignissimos perferendis voluptatibus incidunt nostrum quia possimus rerum. Et necessitatibus architecto aut consequatur debitis et id.,Penguin,7,80
Identity & Violence,"Sen, Amartya",philosophy,219,Dolorum amet iste laborum eius est dolor. Minus voluptatem quisquam quibusdam sed. A quo sed fugit facilis perferendis dolores molestias. Sit veniam sed fuga aspernatur natus. Quas dignissimos perferendis voluptatibus incidunt nostrum quia possimus rerum. Et necessitatibus architecto aut consequatur debitis et id.,Penguin,14,40
Beyond the Three Seas,"Dalrymple, William",history,197,Dolorum amet iste laborum eius est dolor. Minus voluptatem quisquam quibusdam sed. A quo sed fugit facilis perferendis dolores molestias. Sit veniam sed fuga aspernatur natus. Quas dignissimos perferendis voluptatibus incidunt nostrum quia possimus rerum. Et necessitatibus architecto aut consequatur debitis et id.,Random House,16,40
"World's Greatest Short Stories, The",,fiction,217,Dolorum amet iste laborum eius est dolor. Minus voluptatem quisquam quibusdam sed. A quo sed fugit facilis perferendis dolores molestias. Sit veniam sed fuga aspernatur natus. Quas dignissimos perferendis voluptatibus incidunt nostrum quia possimus rerum. Et necessitatibus architecto aut consequatur debitis et id.,Jaico,16,20
Talking Straight,"Iacoca, Lee",nonfiction,175,Dolorum amet iste laborum eius est dolor. Minus voluptatem quisquam quibusdam sed. A quo sed fugit facilis perferendis dolores molestias. Sit veniam sed fuga aspernatur natus. Quas dignissimos perferendis voluptatibus incidunt nostrum quia possimus rerum. Et necessitatibus architecto aut consequatur debitis et id.,,14,90
"Maugham's Collected Short Stories, Vol 3","Maugham, William S",fiction,171,Dolorum amet iste laborum eius est dolor. Minus voluptatem quisquam quibusdam sed. A quo sed fugit facilis perferendis dolores molestias. Sit veniam sed fuga aspernatur natus. Quas dignissimos perferendis voluptatibus incidunt nostrum quia possimus rerum. Et necessitatibus architecto aut consequatur debitis et id.,Vintage,2,20
"Phantom of Manhattan, The","Forsyth, Frederick",fiction,180,Dolorum amet iste laborum eius est dolor. Minus voluptatem quisquam quibusdam sed. A quo sed fugit facilis perferendis dolores molestias. Sit veniam sed fuga aspernatur natus. Quas dignissimos perferendis voluptatibus incidunt nostrum quia possimus rerum. Et necessitatibus architecto aut consequatur debitis et id.,,7,10
Ashenden of The British Agent,"Maugham, William S",fiction,160,Dolorum amet iste laborum eius est dolor. Minus voluptatem quisquam quibusdam sed. A quo sed fugit facilis perferendis dolores molestias. Sit veniam sed fuga aspernatur natus. Quas dignissimos perferendis voluptatibus incidunt nostrum quia possimus rerum. Et necessitatibus architecto aut consequatur debitis et id.,Vintage,15,20
Zen & The Art of Motorcycle Maintenance,"Pirsig, Robert",philosophy,172,Dolorum amet iste laborum eius est dolor. Minus voluptatem quisquam quibusdam sed. A quo sed fugit facilis perferendis dolores molestias. Sit veniam sed fuga aspernatur natus. Quas dignissimos perferendis voluptatibus incidunt nostrum quia possimus rerum. Et necessitatibus architecto aut consequatur debitis et id.,Vintage,10,30
"Great War for Civilization, The","Fisk, Robert",history,197,Dolorum amet iste laborum eius est dolor. Minus voluptatem quisquam quibusdam sed. A quo sed fugit facilis perferendis dolores molestias. Sit veniam sed fuga aspernatur natus. Quas dignissimos perferendis voluptatibus incidunt nostrum quia possimus rerum. Et necessitatibus architecto aut consequatur debitis et id.,HarperCollins,18,50
We the Living,"Rand, Ayn",fiction,178,Dolorum amet iste laborum eius est dolor. Minus voluptatem quisquam quibusdam sed. A quo sed fugit facilis perferendis dolores molestias. Sit veniam sed fuga aspernatur natus. Quas dignissimos perferendis voluptatibus incidunt nostrum quia possimus rerum. Et necessitatibus architecto aut consequatur debitis et id.,Penguin,13,90
"Artist and the Mathematician, The","Aczel, Amir",science,186,Dolorum amet iste laborum eius est dolor. Minus voluptatem quisquam quibusdam sed. A quo sed fugit facilis perferendis dolores molestias. Sit veniam sed fuga aspernatur natus. Quas dignissimos perferendis voluptatibus incidunt nostrum quia possimus rerum. Et necessitatibus architecto aut consequatur debitis et id.,HighStakes,17,50
History of Western Philosophy,"Russell, Bertrand",philosophy,213,Dolorum amet iste laborum eius est dolor. Minus voluptatem quisquam quibusdam sed. A quo sed fugit facilis perferendis dolores molestias. Sit veniam sed fuga aspernatur natus. Quas dignissimos perferendis voluptatibus incidunt nostrum quia possimus rerum. Et necessitatibus architecto aut consequatur debitis et id.,Routledge,11,40
Selected Short Stories,,fiction,215,Dolorum amet iste laborum eius est dolor. Minus voluptatem quisquam quibusdam sed. A quo sed fugit facilis perferendis dolores molestias. Sit veniam sed fuga aspernatur natus. Quas dignissimos perferendis voluptatibus incidunt nostrum quia possimus rerum. Et necessitatibus architecto aut consequatur debitis et id.,Jaico,19,50
Rationality & Freedom,"Sen, Amartya",economics,213,Dolorum amet iste laborum eius est dolor. Minus voluptatem quisquam quibusdam sed. A quo sed fugit facilis perferendis dolores molestias. Sit veniam sed fuga aspernatur natus. Quas dignissimos perferendis voluptatibus incidunt nostrum quia possimus rerum. Et necessitatibus architecto aut consequatur debitis et id.,Springer,15,80
Clash of Civilizations and Remaking of the World Order,"Huntington, Samuel",history,228,Dolorum amet iste laborum eius est dolor. Minus voluptatem quisquam quibusdam sed. A quo sed fugit facilis perferendis dolores molestias. Sit veniam sed fuga aspernatur natus. Quas dignissimos perferendis voluptatibus incidunt nostrum quia possimus rerum. Et necessitatibus architecto aut consequatur debitis et id.,Simon&Schuster,8,40
Uncommon Wisdom,"Capra, Fritjof",nonfiction,197,Dolorum amet iste laborum eius est dolor. Minus voluptatem quisquam quibusdam sed. A quo sed fugit facilis perferendis dolores molestias. Sit veniam sed fuga aspernatur natus. Quas dignissimos perferendis voluptatibus incidunt nostrum quia possimus rerum. Et necessitatibus architecto aut consequatur debitis et id.,Fontana,7,70
One,"Bach, Richard",nonfiction,172,Dolorum amet iste laborum eius est dolor. Minus voluptatem quisquam quibusdam sed. A quo sed fugit facilis perferendis dolores molestias. Sit veniam sed fuga aspernatur natus. Quas dignissimos perferendis voluptatibus incidunt nostrum quia possimus rerum. Et necessitatibus architecto aut consequatur debitis et id.,Dell,15,70
Karl Marx Biography,,nonfiction,162,Dolorum amet iste laborum eius est dolor. Minus voluptatem quisquam quibusdam sed. A quo sed fugit facilis perferendis dolores molestias. Sit veniam sed fuga aspernatur natus. Quas dignissimos perferendis voluptatibus incidunt nostrum quia possimus rerum. Et necessitatibus architecto aut consequatur debitis et id.,,9,60
To Sir With Love,Braithwaite,fiction,197,Dolorum amet iste laborum eius est dolor. Minus voluptatem quisquam quibusdam sed. A quo sed fugit facilis perferendis dolores molestias. Sit veniam sed fuga aspernatur natus. Quas dignissimos perferendis voluptatibus incidunt nostrum quia possimus rerum. Et necessitatibus architecto aut consequatur debitis et id.,Penguin,20,90
Half A Life,"Naipaul, V S",fiction,196,Dolorum amet iste laborum eius est dolor. Minus voluptatem quisquam quibusdam sed. A quo sed fugit facilis perferendis dolores molestias. Sit veniam sed fuga aspernatur natus. Quas dignissimos perferendis voluptatibus incidunt nostrum quia possimus rerum. Et necessitatibus architecto aut consequatur debitis et id.,,20,100
"Discovery of India, The","Nehru, Jawaharlal",history,230,Dolorum amet iste laborum eius est dolor. Minus voluptatem quisquam quibusdam sed. A quo sed fugit facilis perferendis dolores molestias. Sit veniam sed fuga aspernatur natus. Quas dignissimos perferendis voluptatibus incidunt nostrum quia possimus rerum. Et necessitatibus architecto aut consequatur debitis et id.,,5,20
Apulki,"Deshpande, P L",nonfiction,211,Dolorum amet iste laborum eius est dolor. Minus voluptatem quisquam quibusdam sed. A quo sed fugit facilis perferendis dolores molestias. Sit veniam sed fuga aspernatur natus. Quas dignissimos perferendis voluptatibus incidunt nostrum quia possimus rerum. Et necessitatibus architecto aut consequatur debitis et id.,,1,40
Unpopular Essays,"Russell, Bertrand",philosophy,198,Dolorum amet iste laborum eius est dolor. Minus voluptatem quisquam quibusdam sed. A quo sed fugit facilis perferendis dolores molestias. Sit veniam sed fuga aspernatur natus. Quas dignissimos perferendis voluptatibus incidunt nostrum quia possimus rerum. Et necessitatibus architecto aut consequatur debitis et id.,,3,60
"Deceiver, The","Forsyth, Frederick",fiction,178,Dolorum amet iste laborum eius est dolor. Minus voluptatem quisquam quibusdam sed. A quo sed fugit facilis perferendis dolores molestias. Sit veniam sed fuga aspernatur natus. Quas dignissimos perferendis voluptatibus incidunt nostrum quia possimus rerum. Et necessitatibus architecto aut consequatur debitis et id.,,12,50
Veil: Secret Wars of the CIA,"Woodward, Bob",history,171,Dolorum amet iste laborum eius est dolor. Minus voluptatem quisquam quibusdam sed. A quo sed fugit facilis perferendis dolores molestias. Sit veniam sed fuga aspernatur natus. Quas dignissimos perferendis voluptatibus incidunt nostrum quia possimus rerum. Et necessitatibus architecto aut consequatur debitis et id.,,1,30
Char Shabda,"Deshpande, P L",nonfiction,214,Dolorum amet iste laborum eius est dolor. Minus voluptatem quisquam quibusdam sed. A quo sed fugit facilis perferendis dolores molestias. Sit veniam sed fuga aspernatur natus. Quas dignissimos perferendis voluptatibus incidunt nostrum quia possimus rerum. Et necessitatibus architecto aut consequatur debitis et id.,,15,30
Rosy is My Relative,"Durrell, Gerald",fiction,176,Dolorum amet iste laborum eius est dolor. Minus voluptatem quisquam quibusdam sed. A quo sed fugit facilis perferendis dolores molestias. Sit veniam sed fuga aspernatur natus. Quas dignissimos perferendis voluptatibus incidunt nostrum quia possimus rerum. Et necessitatibus architecto aut consequatur debitis et id.,,14,80
"Moon and Sixpence, The","Maugham, William S",fiction,180,Dolorum amet iste laborum eius est dolor. Minus voluptatem quisquam quibusdam sed. A quo sed fugit facilis perferendis dolores molestias. Sit veniam sed fuga aspernatur natus. Quas dignissimos perferendis voluptatibus incidunt nostrum quia possimus rerum. Et necessitatibus architecto aut consequatur debitis et id.,,0,40
Political Philosophers,,philosophy,162,Dolorum amet iste laborum eius est dolor. Minus voluptatem quisquam quibusdam sed. A quo sed fugit facilis perferendis dolores molestias. Sit veniam sed fuga aspernatur natus. Quas dignissimos perferendis voluptatibus incidunt nostrum quia possimus rerum. Et necessitatibus architecto aut consequatur debitis et id.,,4,30
"Short History of the World, A","Wells, H G",history,197,Dolorum amet iste laborum eius est dolor. Minus voluptatem quisquam quibusdam sed. A quo sed fugit facilis perferendis dolores molestias. Sit veniam sed fuga aspernatur natus. Quas dignissimos perferendis voluptatibus incidunt nostrum quia possimus rerum. Et necessitatibus architecto aut consequatur debitis et id.,,9,90
"Trembling of a Leaf, The","Maugham, William S",fiction,205,Dolorum amet iste laborum eius est dolor. Minus voluptatem quisquam quibusdam sed. A quo sed fugit facilis perferendis dolores molestias. Sit veniam sed fuga aspernatur natus. Quas dignissimos perferendis voluptatibus incidunt nostrum quia possimus rerum. Et necessitatibus architecto aut consequatur debitis et id.,,3,30
Doctor on the Brain,"Gordon, Richard",fiction,204,Dolorum amet iste laborum eius est dolor. Minus voluptatem quisquam quibusdam sed. A quo sed fugit facilis perferendis dolores molestias. Sit veniam sed fuga aspernatur natus. Quas dignissimos perferendis voluptatibus incidunt nostrum quia possimus rerum. Et necessitatibus architecto aut consequatur debitis et id.,,4,50
Simpsons & Their Mathematical Secrets,"Singh, Simon",science,233,Dolorum amet iste laborum eius est dolor. Minus voluptatem quisquam quibusdam sed. A quo sed fugit facilis perferendis dolores molestias. Sit veniam sed fuga aspernatur natus. Quas dignissimos perferendis voluptatibus incidunt nostrum quia possimus rerum. Et necessitatibus architecto aut consequatur debitis et id.,,17,100
Pattern Classification,"Duda, Hart",data science,241,Dolorum amet iste laborum eius est dolor. Minus voluptatem quisquam quibusdam sed. A quo sed fugit facilis perferendis dolores molestias. Sit veniam sed fuga aspernatur natus. Quas dignissimos perferendis voluptatibus incidunt nostrum quia possimus rerum. Et necessitatibus architecto aut consequatur debitis et id.,,13,40
From Beirut to Jerusalem,"Friedman, Thomas",history,202,Dolorum amet iste laborum eius est dolor. Minus voluptatem quisquam quibusdam sed. A quo sed fugit facilis perferendis dolores molestias. Sit veniam sed fuga aspernatur natus. Quas dignissimos perferendis voluptatibus incidunt nostrum quia possimus rerum. Et necessitatibus architecto aut consequatur debitis et id.,,8,60
"Code Book, The","Singh, Simon",science,197,Dolorum amet iste laborum eius est dolor. Minus voluptatem quisquam quibusdam sed. A quo sed fugit facilis perferendis dolores molestias. Sit veniam sed fuga aspernatur natus. Quas dignissimos perferendis voluptatibus incidunt nostrum quia possimus rerum. Et necessitatibus architecto aut consequatur debitis et id.,,1,60
"Age of the Warrior, The","Fisk, Robert",history,197,Dolorum amet iste laborum eius est dolor. Minus voluptatem quisquam quibusdam sed. A quo sed fugit facilis perferendis dolores molestias. Sit veniam sed fuga aspernatur natus. Quas dignissimos perferendis voluptatibus incidunt nostrum quia possimus rerum. Et necessitatibus architecto aut consequatur debitis et id.,,17,30
Final Crisis,,comic,257,Dolorum amet iste laborum eius est dolor. Minus voluptatem quisquam quibusdam sed. A quo sed fugit facilis perferendis dolores molestias. Sit veniam sed fuga aspernatur natus. Quas dignissimos perferendis voluptatibus incidunt nostrum quia possimus rerum. Et necessitatibus architecto aut consequatur debitis et id.,,7,90
"Killing Joke, The",,comic,283,Dolorum amet iste laborum eius est dolor. Minus voluptatem quisquam quibusdam sed. A quo sed fugit facilis perferendis dolores molestias. Sit veniam sed fuga aspernatur natus. Quas dignissimos perferendis voluptatibus incidunt nostrum quia possimus rerum. Et necessitatibus architecto aut consequatur debitis et id.,,16,60
Flashpoint,,comic,265,Dolorum amet iste laborum eius est dolor. Minus voluptatem quisquam quibusdam sed. A quo sed fugit facilis perferendis dolores molestias. Sit veniam sed fuga aspernatur natus. Quas dignissimos perferendis voluptatibus incidunt nostrum quia possimus rerum. Et necessitatibus architecto aut consequatur debitis et id.,,16,90
Batman Earth One,,comic,265,Dolorum amet iste laborum eius est dolor. Minus voluptatem quisquam quibusdam sed. A quo sed fugit facilis perferendis dolores molestias. Sit veniam sed fuga aspernatur natus. Quas dignissimos perferendis voluptatibus incidunt nostrum quia possimus rerum. Et necessitatibus architecto aut consequatur debitis et id.,,19,20
Crisis on Infinite Earths,,comic,258,Dolorum amet iste laborum eius est dolor. Minus voluptatem quisquam quibusdam sed. A quo sed fugit facilis perferendis dolores molestias. Sit veniam sed fuga aspernatur natus. Quas dignissimos perferendis voluptatibus incidunt nostrum quia possimus rerum. Et necessitatibus architecto aut consequatur debitis et id.,,11,90
"Numbers Behind Numb3rs, The","Devlin, Keith",science,202,Dolorum amet iste laborum eius est dolor. Minus voluptatem quisquam quibusdam sed. A quo sed fugit facilis perferendis dolores molestias. Sit veniam sed fuga aspernatur natus. Quas dignissimos perferendis voluptatibus incidunt nostrum quia possimus rerum. Et necessitatibus architecto aut consequatur debitis et id.,,9,80
Superman Earth One - 1,,comic,259,Dolorum amet iste laborum eius est dolor. Minus voluptatem quisquam quibusdam sed. A quo sed fugit facilis perferendis dolores molestias. Sit veniam sed fuga aspernatur natus. Quas dignissimos perferendis voluptatibus incidunt nostrum quia possimus rerum. Et necessitatibus architecto aut consequatur debitis et id.,,13,50
Superman Earth One - 2,,comic,258,Dolorum amet iste laborum eius est dolor. Minus voluptatem quisquam quibusdam sed. A quo sed fugit facilis perferendis dolores molestias. Sit veniam sed fuga aspernatur natus. Quas dignissimos perferendis voluptatibus incidunt nostrum quia possimus rerum. Et necessitatibus architecto aut consequatur debitis et id.,,14,90
Justice League: Throne of Atlantis,,comic,258,Dolorum amet iste laborum eius est dolor. Minus voluptatem quisquam quibusdam sed. A quo sed fugit facilis perferendis dolores molestias. Sit veniam sed fuga aspernatur natus. Quas dignissimos perferendis voluptatibus incidunt nostrum quia possimus rerum. Et necessitatibus architecto aut consequatur debitis et id.,,8,40
Justice League: The Villain's Journey,,comic,258,Dolorum amet iste laborum eius est dolor. Minus voluptatem quisquam quibusdam sed. A quo sed fugit facilis perferendis dolores molestias. Sit veniam sed fuga aspernatur natus. Quas dignissimos perferendis voluptatibus incidunt nostrum quia possimus rerum. Et necessitatibus architecto aut consequatur debitis et id.,,11,50
"Death of Superman, The",,comic,258,Dolorum amet iste laborum eius est dolor. Minus voluptatem quisquam quibusdam sed. A quo sed fugit facilis perferendis dolores molestias. Sit veniam sed fuga aspernatur natus. Quas dignissimos perferendis voluptatibus incidunt nostrum quia possimus rerum. Et necessitatibus architecto aut consequatur debitis et id.,,4,50
History of the DC Universe,,comic,258,Dolorum amet iste laborum eius est dolor. Minus voluptatem quisquam quibusdam sed. A quo sed fugit facilis perferendis dolores molestias. Sit veniam sed fuga aspernatur natus. Quas dignissimos perferendis voluptatibus incidunt nostrum quia possimus rerum. Et necessitatibus architecto aut consequatur debitis et id.,,4,80
Batman: The Long Halloween,,comic,258,Dolorum amet iste laborum eius est dolor. Minus voluptatem quisquam quibusdam sed. A quo sed fugit facilis perferendis dolores molestias. Sit veniam sed fuga aspernatur natus. Quas dignissimos perferendis voluptatibus incidunt nostrum quia possimus rerum. Et necessitatibus architecto aut consequatur debitis et id.,,20,30
"Life in Letters, A","Steinbeck, John",nonfiction,196,Dolorum amet iste laborum eius est dolor. Minus voluptatem quisquam quibusdam sed. A quo sed fugit facilis perferendis dolores molestias. Sit veniam sed fuga aspernatur natus. Quas dignissimos perferendis voluptatibus incidunt nostrum quia possimus rerum. Et necessitatibus architecto aut consequatur debitis et id.,,2,80
"Information, The","Gleick, James",science,233,Dolorum amet iste laborum eius est dolor. Minus voluptatem quisquam quibusdam sed. A quo sed fugit facilis perferendis dolores molestias. Sit veniam sed fuga aspernatur natus. Quas dignissimos perferendis voluptatibus incidunt nostrum quia possimus rerum. Et necessitatibus architecto aut consequatur debitis et id.,,11,70
"Journal of Economics, vol 106 No 3",,economics,235,Dolorum amet iste laborum eius est dolor. Minus voluptatem quisquam quibusdam sed. A quo sed fugit facilis perferendis dolores molestias. Sit veniam sed fuga aspernatur natus. Quas dignissimos perferendis voluptatibus incidunt nostrum quia possimus rerum. Et necessitatibus architecto aut consequatur debitis et id.,,9,50
Elements of Information Theory,"Thomas, Joy",data science,229,Dolorum amet iste laborum eius est dolor. Minus voluptatem quisquam quibusdam sed. A quo sed fugit facilis perferendis dolores molestias. Sit veniam sed fuga aspernatur natus. Quas dignissimos perferendis voluptatibus incidunt nostrum quia possimus rerum. Et necessitatibus architecto aut consequatur debitis et id.,,0,100
Power Electronics - Rashid,"Rashid, Muhammad",computer science,235,Dolorum amet iste laborum eius est dolor. Minus voluptatem quisquam quibusdam sed. A quo sed fugit facilis perferendis dolores molestias. Sit veniam sed fuga aspernatur natus. Quas dignissimos perferendis voluptatibus incidunt nostrum quia possimus rerum. Et necessitatibus architecto aut consequatur debitis et id.,,5,90
Power Electronics - Mohan,"Mohan, Ned",computer science,237,Dolorum amet iste laborum eius est dolor. Minus voluptatem quisquam quibusdam sed. A quo sed fugit facilis perferendis dolores molestias. Sit veniam sed fuga aspernatur natus. Quas dignissimos perferendis voluptatibus incidunt nostrum quia possimus rerum. Et necessitatibus architecto aut consequatur debitis et id.,,20,80
Neural Networks,"Haykin, Simon",data science,240,Dolorum amet iste laborum eius est dolor. Minus voluptatem quisquam quibusdam sed. A quo sed fugit facilis perferendis dolores molestias. Sit veniam sed fuga aspernatur natus. Quas dignissimos perferendis voluptatibus incidunt nostrum quia possimus rerum. Et necessitatibus architecto aut consequatur debitis et id.,,6,80
"Grapes of Wrath, The","Steinbeck, John",fiction,196,Dolorum amet iste laborum eius est dolor. Minus voluptatem quisquam quibusdam sed. A quo sed fugit facilis perferendis dolores molestias. Sit veniam sed fuga aspernatur natus. Quas dignissimos perferendis voluptatibus incidunt nostrum quia possimus rerum. Et necessitatibus architecto aut consequatur debitis et id.,,14,30
Vyakti ani Valli,"Deshpande, P L",nonfiction,211,Dolorum amet iste laborum eius est dolor. Minus voluptatem quisquam quibusdam sed. A quo sed fugit facilis perferendis dolores molestias. Sit veniam sed fuga aspernatur natus. Quas dignissimos perferendis voluptatibus incidunt nostrum quia possimus rerum. Et necessitatibus architecto aut consequatur debitis et id.,,9,90
Statistical Learning Theory,"Vapnik, Vladimir",data science,228,Dolorum amet iste laborum eius est dolor. Minus voluptatem quisquam quibusdam sed. A quo sed fugit facilis perferendis dolores molestias. Sit veniam sed fuga aspernatur natus. Quas dignissimos perferendis voluptatibus incidunt nostrum quia possimus rerum. Et necessitatibus architecto aut consequatur debitis et id.,,0,100
Empire of the Mughal - The Tainted Throne,"Rutherford, Alex",history,180,Dolorum amet iste laborum eius est dolor. Minus voluptatem quisquam quibusdam sed. A quo sed fugit facilis perferendis dolores molestias. Sit veniam sed fuga aspernatur natus. Quas dignissimos perferendis voluptatibus incidunt nostrum quia possimus rerum. Et necessitatibus architecto aut consequatur debitis et id.,,5,100
Empire of the Mughal - Brothers at War,"Rutherford, Alex",history,180,Dolorum amet iste laborum eius est dolor. Minus voluptatem quisquam quibusdam sed. A quo sed fugit facilis perferendis dolores molestias. Sit veniam sed fuga aspernatur natus. Quas dignissimos perferendis voluptatibus incidunt nostrum quia possimus rerum. Et necessitatibus architecto aut consequatur debitis et id.,,12,100
Empire of the Mughal - Ruler of the World,"Rutherford, Alex",history,180,Dolorum amet iste laborum eius est dolor. Minus voluptatem quisquam quibusdam sed. A quo sed fugit facilis perferendis dolores molestias. Sit veniam sed fuga aspernatur natus. Quas dignissimos perferendis voluptatibus incidunt nostrum quia possimus rerum. Et necessitatibus architecto aut consequatur debitis et id.,,17,10
Empire of the Mughal - The Serpent's Tooth,"Rutherford, Alex",history,180,Dolorum amet iste laborum eius est dolor. Minus voluptatem quisquam quibusdam sed. A quo sed fugit facilis perferendis dolores molestias. Sit veniam sed fuga aspernatur natus. Quas dignissimos perferendis voluptatibus incidunt nostrum quia possimus rerum. Et necessitatibus architecto aut consequatur debitis et id.,,8,20
Empire of the Mughal - Raiders from the North,"Rutherford, Alex",history,180,Dolorum amet iste laborum eius est dolor. Minus voluptatem quisquam quibusdam sed. A quo sed fugit facilis perferendis dolores molestias. Sit veniam sed fuga aspernatur natus. Quas dignissimos perferendis voluptatibus incidunt nostrum quia possimus rerum. Et necessitatibus architecto aut consequatur debitis et id.,,20,20
Mossad,"Baz-Zohar, Michael",history,236,Dolorum amet iste laborum eius est dolor. Minus voluptatem quisquam quibusdam sed. A quo sed fugit facilis perferendis dolores molestias. Sit veniam sed fuga aspernatur natus. Quas dignissimos perferendis voluptatibus incidunt nostrum quia possimus rerum. Et necessitatibus architecto aut consequatur debitis et id.,,11,80
Jim Corbett Omnibus,"Corbett, Jim",nonfiction,223,Dolorum amet iste laborum eius est dolor. Minus voluptatem quisquam quibusdam sed. A quo sed fugit facilis perferendis dolores molestias. Sit veniam sed fuga aspernatur natus. Quas dignissimos perferendis voluptatibus incidunt nostrum quia possimus rerum. Et necessitatibus architecto aut consequatur debitis et id.,,16,70
20000 Leagues Under the Sea,"Verne, Jules",fiction,190,Dolorum amet iste laborum eius est dolor. Minus voluptatem quisquam quibusdam sed. A quo sed fugit facilis perferendis dolores molestias. Sit veniam sed fuga aspernatur natus. Quas dignissimos perferendis voluptatibus incidunt nostrum quia possimus rerum. Et necessitatibus architecto aut consequatur debitis et id.,,14,40
Batatyachi Chal,Deshpande P L,fiction,200,Dolorum amet iste laborum eius est dolor. Minus voluptatem quisquam quibusdam sed. A quo sed fugit facilis perferendis dolores molestias. Sit veniam sed fuga aspernatur natus. Quas dignissimos perferendis voluptatibus incidunt nostrum quia possimus rerum. Et necessitatibus architecto aut consequatur debitis et id.,,11,40
Hafasavnuk,Deshpande P L,fiction,211,Dolorum amet iste laborum eius est dolor. Minus voluptatem quisquam quibusdam sed. A quo sed fugit facilis perferendis dolores molestias. Sit veniam sed fuga aspernatur natus. Quas dignissimos perferendis voluptatibus incidunt nostrum quia possimus rerum. Et necessitatibus architecto aut consequatur debitis et id.,,16,40
Urlasurla,Deshpande P L,fiction,211,Dolorum amet iste laborum eius est dolor. Minus voluptatem quisquam quibusdam sed. A quo sed fugit facilis perferendis dolores molestias. Sit veniam sed fuga aspernatur natus. Quas dignissimos perferendis voluptatibus incidunt nostrum quia possimus rerum. Et necessitatibus architecto aut consequatur debitis et id.,,19,20
Pointers in C,"Kanetkar, Yashwant",computer science,213,Dolorum amet iste laborum eius est dolor. Minus voluptatem quisquam quibusdam sed. A quo sed fugit facilis perferendis dolores molestias. Sit veniam sed fuga aspernatur natus. Quas dignissimos perferendis voluptatibus incidunt nostrum quia possimus rerum. Et necessitatibus architecto aut consequatur debitis et id.,,18,90
"Cathedral and the Bazaar, The","Raymond, Eric",computer science,217,Dolorum amet iste laborum eius est dolor. Minus voluptatem quisquam quibusdam sed. A quo sed fugit facilis perferendis dolores molestias. Sit veniam sed fuga aspernatur natus. Quas dignissimos perferendis voluptatibus incidunt nostrum quia possimus rerum. Et necessitatibus architecto aut consequatur debitis et id.,,2,70
Design with OpAmps,"Franco, Sergio",computer science,240,Dolorum amet iste laborum eius est dolor. Minus voluptatem quisquam quibusdam sed. A quo sed fugit facilis perferendis dolores molestias. Sit veniam sed fuga aspernatur natus. Quas dignissimos perferendis voluptatibus incidunt nostrum quia possimus rerum. Et necessitatibus architecto aut consequatur debitis et id.,,7,30
Think Complexity,"Downey, Allen",data science,230,Dolorum amet iste laborum eius est dolor. Minus voluptatem quisquam quibusdam sed. A quo sed fugit facilis perferendis dolores molestias. Sit veniam sed fuga aspernatur natus. Quas dignissimos perferendis voluptatibus incidunt nostrum quia possimus rerum. Et necessitatibus architecto aut consequatur debitis et id.,,10,20
"Devil's Advocate, The","West, Morris",fiction,178,Dolorum amet iste laborum eius est dolor. Minus voluptatem quisquam quibusdam sed. A quo sed fugit facilis perferendis dolores molestias. Sit veniam sed fuga aspernatur natus. Quas dignissimos perferendis voluptatibus incidunt nostrum quia possimus rerum. Et necessitatibus architecto aut consequatur debitis et id.,,1,100
Ayn Rand Answers,"Rand, Ayn",philosophy,203,Dolorum amet iste laborum eius est dolor. Minus voluptatem quisquam quibusdam sed. A quo sed fugit facilis perferendis dolores molestias. Sit veniam sed fuga aspernatur natus. Quas dignissimos perferendis voluptatibus incidunt nostrum quia possimus rerum. Et necessitatibus architecto aut consequatur debitis et id.,,3,40
Philosophy: Who Needs It,"Rand, Ayn",philosophy,171,Dolorum amet iste laborum eius est dolor. Minus voluptatem quisquam quibusdam sed. A quo sed fugit facilis perferendis dolores molestias. Sit veniam sed fuga aspernatur natus. Quas dignissimos perferendis voluptatibus incidunt nostrum quia possimus rerum. Et necessitatibus architecto aut consequatur debitis et id.,,7,100
"World's Great Thinkers, The",,philosophy,189,Dolorum amet iste laborum eius est dolor. Minus voluptatem quisquam quibusdam sed. A quo sed fugit facilis perferendis dolores molestias. Sit veniam sed fuga aspernatur natus. Quas dignissimos perferendis voluptatibus incidunt nostrum quia possimus rerum. Et necessitatibus architecto aut consequatur debitis et id.,,0,20
Data Analysis with Open Source Tools,"Janert, Phillip",data science,230,Dolorum amet iste laborum eius est dolor. Minus voluptatem quisquam quibusdam sed. A quo sed fugit facilis perferendis dolores molestias. Sit veniam sed fuga aspernatur natus. Quas dignissimos perferendis voluptatibus incidunt nostrum quia possimus rerum. Et necessitatibus architecto aut consequatur debitis et id.,,3,40
Broca's Brain,"Sagan, Carl",science,174,Dolorum amet iste laborum eius est dolor. Minus voluptatem quisquam quibusdam sed. A quo sed fugit facilis perferendis dolores molestias. Sit veniam sed fuga aspernatur natus. Quas dignissimos perferendis voluptatibus incidunt nostrum quia possimus rerum. Et necessitatibus architecto aut consequatur debitis et id.,,15,60
Men of Mathematics,"Bell, E T",mathematics,217,Dolorum amet iste laborum eius est dolor. Minus voluptatem quisquam quibusdam sed. A quo sed fugit facilis perferendis dolores molestias. Sit veniam sed fuga aspernatur natus. Quas dignissimos perferendis voluptatibus incidunt nostrum quia possimus rerum. Et necessitatibus architecto aut consequatur debitis et id.,,8,70
Oxford book of Modern Science Writing,"Dawkins, Richard",science,240,Dolorum amet iste laborum eius est dolor. Minus voluptatem quisquam quibusdam sed. A quo sed fugit facilis perferendis dolores molestias. Sit veniam sed fuga aspernatur natus. Quas dignissimos perferendis voluptatibus incidunt nostrum quia possimus rerum. Et necessitatibus architecto aut consequatur debitis et id.,,14,80
"Justice, Judiciary and Democracy","Ranjan, Sudhanshu",philosophy,224,Dolorum amet iste laborum eius est dolor. Minus voluptatem quisquam quibusdam sed. A quo sed fugit facilis perferendis dolores molestias. Sit veniam sed fuga aspernatur natus. Quas dignissimos perferendis voluptatibus incidunt nostrum quia possimus rerum. Et necessitatibus architecto aut consequatur debitis et id.,,17,40
"Arthashastra, The",Kautiyla,philosophy,214,Dolorum amet iste laborum eius est dolor. Minus voluptatem quisquam quibusdam sed. A quo sed fugit facilis perferendis dolores molestias. Sit veniam sed fuga aspernatur natus. Quas dignissimos perferendis voluptatibus incidunt nostrum quia possimus rerum. Et necessitatibus architecto aut consequatur debitis et id.,,14,40
We the People,Palkhivala,philosophy,216,Dolorum amet iste laborum eius est dolor. Minus voluptatem quisquam quibusdam sed. A quo sed fugit facilis perferendis dolores molestias. Sit veniam sed fuga aspernatur natus. Quas dignissimos perferendis voluptatibus incidunt nostrum quia possimus rerum. Et necessitatibus architecto aut consequatur debitis et id.,,15,20
We the Nation,Palkhivala,philosophy,216,Dolorum amet iste laborum eius est dolor. Minus voluptatem quisquam quibusdam sed. A quo sed fugit facilis perferendis dolores molestias. Sit veniam sed fuga aspernatur natus. Quas dignissimos perferendis voluptatibus incidunt nostrum quia possimus rerum. Et necessitatibus architecto aut consequatur debitis et id.,,14,20
"Courtroom Genius, The",Sorabjee,nonfiction,217,Dolorum amet iste laborum eius est dolor. Minus voluptatem quisquam quibusdam sed. A quo sed fugit facilis perferendis dolores molestias. Sit veniam sed fuga aspernatur natus. Quas dignissimos perferendis voluptatibus incidunt nostrum quia possimus rerum. Et necessitatibus architecto aut consequatur debitis et id.,,10,70
Dongri to Dubai,"Zaidi, Hussain",nonfiction,216,Dolorum amet iste laborum eius est dolor. Minus voluptatem quisquam quibusdam sed. A quo sed fugit facilis perferendis dolores molestias. Sit veniam sed fuga aspernatur natus. Quas dignissimos perferendis voluptatibus incidunt nostrum quia possimus rerum. Et necessitatibus architecto aut consequatur debitis et id.,,15,60
"History of England, Foundation","Ackroyd, Peter",history,197,Dolorum amet iste laborum eius est dolor. Minus voluptatem quisquam quibusdam sed. A quo sed fugit facilis perferendis dolores molestias. Sit veniam sed fuga aspernatur natus. Quas dignissimos perferendis voluptatibus incidunt nostrum quia possimus rerum. Et necessitatibus architecto aut consequatur debitis et id.,,3,20
City of Djinns,"Dalrymple, William",history,198,Dolorum amet iste laborum eius est dolor. Minus voluptatem quisquam quibusdam sed. A quo sed fugit facilis perferendis dolores molestias. Sit veniam sed fuga aspernatur natus. Quas dignissimos perferendis voluptatibus incidunt nostrum quia possimus rerum. Et necessitatibus architecto aut consequatur debitis et id.,,9,30
India's Legal System,Nariman,nonfiction,177,Dolorum amet iste laborum eius est dolor. Minus voluptatem quisquam quibusdam sed. A quo sed fugit facilis perferendis dolores molestias. Sit veniam sed fuga aspernatur natus. Quas dignissimos perferendis voluptatibus incidunt nostrum quia possimus rerum. Et necessitatibus architecto aut consequatur debitis et id.,,2,80
More Tears to Cry,"Sassoon, Jean",fiction,235,Dolorum amet iste laborum eius est dolor. Minus voluptatem quisquam quibusdam sed. A quo sed fugit facilis perferendis dolores molestias. Sit veniam sed fuga aspernatur natus. Quas dignissimos perferendis voluptatibus incidunt nostrum quia possimus rerum. Et necessitatibus architecto aut consequatur debitis et id.,,19,40
"Ropemaker, The","Dickinson, Peter",fiction,196,Dolorum amet iste laborum eius est dolor. Minus voluptatem quisquam quibusdam sed. A quo sed fugit facilis perferendis dolores molestias. Sit veniam sed fuga aspernatur natus. Quas dignissimos perferendis voluptatibus incidunt nostrum quia possimus rerum. Et necessitatibus architecto aut consequatur debitis et id.,,1,40
Angels & Demons,"Brown, Dan",fiction,170,Dolorum amet iste laborum eius est dolor. Minus voluptatem quisquam quibusdam sed. A quo sed fugit facilis perferendis dolores molestias. Sit veniam sed fuga aspernatur natus. Quas dignissimos perferendis voluptatibus incidunt nostrum quia possimus rerum. Et necessitatibus architecto aut consequatur debitis et id.,,13,20
"Judge, The",,fiction,170,Dolorum amet iste laborum eius est dolor. Minus voluptatem quisquam quibusdam sed. A quo sed fugit facilis perferendis dolores molestias. Sit veniam sed fuga aspernatur natus. Quas dignissimos perferendis voluptatibus incidunt nostrum quia possimus rerum. Et necessitatibus architecto aut consequatur debitis et id.,,2,30
"Attorney, The",,fiction,170,Dolorum amet iste laborum eius est dolor. Minus voluptatem quisquam quibusdam sed. A quo sed fugit facilis perferendis dolores molestias. Sit veniam sed fuga aspernatur natus. Quas dignissimos perferendis voluptatibus incidunt nostrum quia possimus rerum. Et necessitatibus architecto aut consequatur debitis et id.,,16,100
"Prince, The",Machiavelli,philosophy,173,Dolorum amet iste laborum eius est dolor. Minus voluptatem quisquam quibusdam sed. A quo sed fugit facilis perferendis dolores molestias. Sit veniam sed fuga aspernatur natus. Quas dignissimos perferendis voluptatibus incidunt nostrum quia possimus rerum. Et necessitatibus architecto aut consequatur debitis et id.,,20,50
Eyeless in Gaza,"Huxley, Aldous",fiction,180,Dolorum amet iste laborum eius est dolor. Minus voluptatem quisquam quibusdam sed. A quo sed fugit facilis perferendis dolores molestias. Sit veniam sed fuga aspernatur natus. Quas dignissimos perferendis voluptatibus incidunt nostrum quia possimus rerum. Et necessitatibus architecto aut consequatur debitis et id.,,3,50
Tales of Beedle the Bard,"Rowling, J K",fiction,184,Dolorum amet iste laborum eius est dolor. Minus voluptatem quisquam quibusdam sed. A quo sed fugit facilis perferendis dolores molestias. Sit veniam sed fuga aspernatur natus. Quas dignissimos perferendis voluptatibus incidunt nostrum quia possimus rerum. Et necessitatibus architecto aut consequatur debitis et id.,,11,10
Girl with the Dragon Tattoo,"Larsson, Steig",fiction,179,Dolorum amet iste laborum eius est dolor. Minus voluptatem quisquam quibusdam sed. A quo sed fugit facilis perferendis dolores molestias. Sit veniam sed fuga aspernatur natus. Quas dignissimos perferendis voluptatibus incidunt nostrum quia possimus rerum. Et necessitatibus architecto aut consequatur debitis et id.,,7,100
Girl who kicked the Hornet's Nest,"Larsson, Steig",fiction,179,Dolorum amet iste laborum eius est dolor. Minus voluptatem quisquam quibusdam sed. A quo sed fugit facilis perferendis dolores molestias. Sit veniam sed fuga aspernatur natus. Quas dignissimos perferendis voluptatibus incidunt nostrum quia possimus rerum. Et necessitatibus architecto aut consequatur debitis et id.,,1,70
Girl who played with Fire,"Larsson, Steig",fiction,179,Dolorum amet iste laborum eius est dolor. Minus voluptatem quisquam quibusdam sed. A quo sed fugit facilis perferendis dolores molestias. Sit veniam sed fuga aspernatur natus. Quas dignissimos perferendis voluptatibus incidunt nostrum quia possimus rerum. Et necessitatibus architecto aut consequatur debitis et id.,,14,50
Batman Handbook,,comic,270,Dolorum amet iste laborum eius est dolor. Minus voluptatem quisquam quibusdam sed. A quo sed fugit facilis perferendis dolores molestias. Sit veniam sed fuga aspernatur natus. Quas dignissimos perferendis voluptatibus incidunt nostrum quia possimus rerum. Et necessitatibus architecto aut consequatur debitis et id.,,15,80
Murphy's Law,,nonfiction,178,Dolorum amet iste laborum eius est dolor. Minus voluptatem quisquam quibusdam sed. A quo sed fugit facilis perferendis dolores molestias. Sit veniam sed fuga aspernatur natus. Quas dignissimos perferendis voluptatibus incidunt nostrum quia possimus rerum. Et necessitatibus architecto aut consequatur debitis et id.,,18,80
Structure and Randomness,"Tao, Terence",mathematics,252,Dolorum amet iste laborum eius est dolor. Minus voluptatem quisquam quibusdam sed. A quo sed fugit facilis perferendis dolores molestias. Sit veniam sed fuga aspernatur natus. Quas dignissimos perferendis voluptatibus incidunt nostrum quia possimus rerum. Et necessitatibus architecto aut consequatur debitis et id.,,16,80
Image Processing with MATLAB,"Eddins, Steve",signal processing,241,Dolorum amet iste laborum eius est dolor. Minus voluptatem quisquam quibusdam sed. A quo sed fugit facilis perferendis dolores molestias. Sit veniam sed fuga aspernatur natus. Quas dignissimos perferendis voluptatibus incidunt nostrum quia possimus rerum. Et necessitatibus architecto aut consequatur debitis et id.,,9,10
Animal Farm,"Orwell, George",fiction,180,Dolorum amet iste laborum eius est dolor. Minus voluptatem quisquam quibusdam sed. A quo sed fugit facilis perferendis dolores molestias. Sit veniam sed fuga aspernatur natus. Quas dignissimos perferendis voluptatibus incidunt nostrum quia possimus rerum. Et necessitatibus architecto aut consequatur debitis et id.,,1,10
"Idiot, The","Dostoevsky, Fyodor",fiction,197,Dolorum amet iste laborum eius est dolor. Minus voluptatem quisquam quibusdam sed. A quo sed fugit facilis perferendis dolores molestias. Sit veniam sed fuga aspernatur natus. Quas dignissimos perferendis voluptatibus incidunt nostrum quia possimus rerum. Et necessitatibus architecto aut consequatur debitis et id.,,7,50
"Christmas Carol, A","Dickens, Charles",fiction,196,Dolorum amet iste laborum eius est dolor. Minus voluptatem quisquam quibusdam sed. A quo sed fugit facilis perferendis dolores molestias. Sit veniam sed fuga aspernatur natus. Quas dignissimos perferendis voluptatibus incidunt nostrum quia possimus rerum. Et necessitatibus architecto aut consequatur debitis et id.,,13,30
